<?xml version="1.0" encoding="UTF-8"?>
<project-private xmlns="http://www.netbeans.org/ns/project-private/1">
    <editor-bookmarks xmlns="http://www.netbeans.org/ns/editor-bookmarks/2" lastBookmarkId="0"/>
    <open-files xmlns="http://www.netbeans.org/ns/projectui-open-files/2">
        <group>
            <file>file:/D:/Kuliah%20Semester%205/Rabu/PRAKTIKUM%20PEMROGRAMAN%20BERORIENTASI%20OBJEK/ObjectMahasiswa/src/objectmahasiswa/ObjectMahasiswa.java</file>
            <file>file:/D:/Kuliah%20Semester%205/Rabu/PRAKTIKUM%20PEMROGRAMAN%20BERORIENTASI%20OBJEK/ObjectMahasiswa/src/objectmahasiswa/Object2Mahasiswa.java</file>
        </group>
    </open-files>
</project-private>
